ServiceRequestID,GardenerID
R10,G175
R102,G78
R103,G175
R106,G91
R107,G120
R109,G32
R110,G59
R114,G196
R114,G34
R115,G183
R115,G79
R116,G74
R117,G168
R118,G90
R119,G164
R12,G179
R120,G12
R120,G134
R121,G45
R123,G119
R123,G199
R125,G153
R126,G48
R127,G194
R129,G125
R130,G46
R131,G114
R133,G78
R133,G87
R134,G108
R134,G174
R134,G68
R135,G189
R135,G83
R135,G98
R136,G172
R136,G30
R136,G4
R137,G125
R137,G139
R138,G100
R138,G178
R138,G28
R138,G29
R140,G153
R140,G159
R141,G65
R143,G178
R149,G175
R15,G1
R15,G105
R15,G128
R16,G72
R17,G70
R20,G180
R20,G53
R21,G165
R22,G92
R25,G4
R27,G141
R31,G87
R32,G106
R32,G156
R32,G164
R33,G117
R33,G66
R34,G84
R36,G119
R36,G21
R37,G28
R39,G52
R40,G121
R40,G5
R40,G93
R41,G49
R41,G75
R44,G109
R44,G14
R44,G85
R45,G169
R47,G76
R49,G144
R49,G39
R5,G17
R55,G176
R56,G76
R56,G85
R57,G139
R57,G56
R58,G61
R61,G186
R61,G2
R61,G72
R62,G155
R62,G168
R62,G78
R66,G65
R67,G152
R69,G181
R69,G7
R69,G95
R7,G171
R71,G102
R71,G130
R73,G126
R74,G104
R74,G45
R76,G50
R78,G31
R78,G87
R78,G94
R79,G125
R79,G140
R8,G2
R8,G23
R80,G56
R81,G118
R81,G26
R82,G94
R83,G122
R85,G157
R86,G104
R87,G131
R87,G133
R88,G36
R89,G137
R91,G114
R92,G120
R93,G122
R93,G157
R93,G196
R93,G97
R94,G139
R94,G89
R95,G111
R96,G53
R97,G152
R97,G196
R98,G146
R99,G140
R99,G157
R99,G171
