UserID,Username,Password
A1,Atishay,sha256$P7UEJpvd$fd15c1ba12919e514a1fd43b50d78266be311814891f7f6af68952ba104289b1
A2,Asmit,sha256$CQJ95IVF$7e9cc3db17e47bb5cc7b5e2d16aa6ae92911e084f61967bf1f3d3b8b82cd9e1a
A3,Aneesha,sha256$M3Bgj44H$66d5226d93d4cf2f689a7f55cb8a0a3f6db3b9d1a0bf832005a51d9ee843c365
A4,Soumyadeep,sha256$8jSJFrGx$caa395abbacaa7e5819a5291e300615556b376cfc8d1b2041292c81017df6473
A5,Rakshit,sha256$vqvszI9Q$85e4ca03e314d8379439ad22fb3d1eb7f34e16c00ce27d4989618d1a0283c964
C1,vnoble,sha256$AOOxA8e7$8a0c0752f60b6ada04d8eb696acb1dc782567f20a951b28d33caba1a16c8bbac
C10,taylornatalie,sha256$cqLKG7z9$105d384022cda6c30e4207cc253e9f0cf8909685139f43271856ac48ab4e179a
C100,francisford,sha256$pfwELgKi$4ef69ba728dc5a8ea23c035a23b90087ba0d731964d7956a1dcae59e4a37225a
C101,david30,sha256$iA2lEBUN$0afa3f7c00ddf123a5bde1d1ffd9ed20d712259862692f2e4c1ffd352ac59383
C102,sian86,sha256$cn0xb8Tv$83f3d7884fed5615c1834b5336dd678dc0ccbc4471d8462ba38a84682938ff54
C103,bishopbrenda,sha256$KGm3TQcv$7b075c366f2e16a494a4ae13d94255fb805cae48c6c4b4e06080e9821d9bf95d
C104,vwatkins,sha256$2shqaWxd$17e86d45bec396e433320901e19fca17ba8866d1d07dd4c6d370f238dfc1e8be
C105,sylvia93,sha256$907RcSSX$f0d396a9132f9198fa2c666119eb105bd23c260e797595a4c8b66b893d31ada9
C106,brandon14,sha256$edfSU1xu$7752d3788c5fe02f531bddae8f4adf125637323ec3f44cf563c9eeb250289449
C107,francisowen,sha256$knSnUe5N$5c18d9f6aeb7739f4a8f0ac2375cba6328b59db1f8f3d78b107e0f46b04db6c2
C108,denissmith,sha256$PP6wZTrP$cc59dd6b181724acfa9966abcb3d8728c8e43c8ac405bab8165ffe47f4e200d4
C109,mparker,sha256$NRxWwrt9$20018b2c711d4a01c2cd6f940af21205be116a8e78d13124a3cffabde0005113
C11,sophiefisher,sha256$6SD69Uoz$d155bb94b613ababf94e361cfba6752dd7e30f4cffe0a4079cec4c3a1b58382d
C110,barryeileen,sha256$HQIn4Bne$394529e5f3576724c8cb8910320eef9cde92d23ee4cd90d06f9c96e3d47a5b26
C111,roger88,sha256$2uzs0Vp2$a66db8ee74c44676898c7660d9768fc5f018d471ee163bcefaa3e3d29c3d1dfb
C112,doddjasmine,sha256$53iYlyNQ$d2a53315aba5d5525aa5370e6d2e8b37ff0cf209425e52bccc614ea8cad088ce
C113,edward66,sha256$glgsKC0S$5739fa8f3d99ec51a1128c5d2547fd0f384d469b98a0b4718d9f66dab62515b8
C114,smartjanice,sha256$mutqpJpR$e0096759ff0e3cbc26780318b854ccfe74dc681c37a73984c1a82ed3182059b0
C115,geoffreysmith,sha256$g6kcp7uq$daa2895d493c388a6787674752dbd2e93c1b473129b3f76d686da702768ae740
C116,glamb,sha256$XGeuj758$4a6575c8e14d28c0481e177edb789351ff1f3c9ebbaeaeca3eb75c264185987e
C117,charliefreeman,sha256$QA0wNqye$185b18ccc26c7e88d2199abc169ac4f7e3b1daceb55d1f731d89126e9d99f025
C118,carole23,sha256$1c90U6fz$a2bf2fbe4285741cd258d70a3359cbae4fc14e972611b6d5533efda2f0ac5a98
C119,rreid,sha256$imOkYK02$7b6c7fc2f74d648c67d85b47931f47c52038f5050a9d57836cd288dd600032fb
C12,joelabbott,sha256$1iPwAok5$4567e380b07bae4cb9e5edcfd07031a1676b75aae00d748a0181732027c198eb
C120,jasongrant,sha256$SE0Oxp6v$c9b007429ad02e1704063e26af16e9151c037d2a94de87376abe2e9dbf87eebd
C121,tracybibi,sha256$hbMekQX9$557642bab1fe9745b1630f0d6214885ae1b413be06b0bbfc8d9b4be95fd535dd
C122,marianhart,sha256$CtoeOhM7$dce927ee8ff075a6360d18c7d7bd154814d0baf1e1dd869fc9b20506c9dcd89f
C123,jonestoby,sha256$oioQE7jy$9535b0f763c4d7860e1783d15ce2e43ea5545599e7ea2f3c67ea0037f8c25ae5
C124,ityler,sha256$jQSP4KNQ$dacea5684eda4132bbc84abefc37e12439e2754ab662f5543737d437817bd645
C125,jacobpickering,sha256$fpH35hba$11cf13afd24161a1bb9ef322c3c478307d6ae0acfc66d458646ee739a9fd60cd
C126,john05,sha256$sDqNBA4q$d9278d8ec7fcfe45bee57249617a1c091106d01876772740276ec27051caebaa
C127,kim86,sha256$PIa2nyH4$b7dba302947ea3f3828fb64869150cf4b079ada5ad13c76122af8699516f8902
C128,joechamberlain,sha256$R8KdNZct$1cbdb02774b22d023bdc1e60222a290404b6a574e35756aa92957f4a2ad20fd6
C129,julieking,sha256$AzMKgjcC$1acdb97a8b0768c58b807d32a2c2b77255d14ff0ac5a1fc7ea270d0db7b800c1
C13,vanessa09,sha256$sQqiGdfy$595ae401c2d8d5c171c4750bc7fb8436721d1fed1d16fe56b51d4982257ab5cb
C130,hawkinsolivia,sha256$XVQvteHj$1281797e2eb5ca06066f4977bac663708ae8d77aeac15f1ff348a0392c2a9d0e
C131,vlee,sha256$x1fQgORJ$ef277a83062e0df488ff9f55c4b827c92b6dcd83aea18cd0e567e5f6c435bd2a
C132,cjohnson,sha256$iuyeMSVu$f1f4ab5aa63a5f43175b83abd7e706810955b60dc92ccf01d368f18dddbdb3e3
C133,hugh44,sha256$HFNcr3xE$3323b91cc5400a04e546b53a12707ef21ba8f0a3c9019a5acda7c6df46c49d17
C134,rogercooke,sha256$UiKlH2AA$8df5fb5ae5c2221341887dff4c41585ee2d81574a312cdba62b87c6936d30a98
C135,simon93,sha256$wPBMOZID$7a89c133f4da27c0b4b67f090dd72d32340880ff1fde65cc586713363ac8dc63
C136,gdavies,sha256$8dBshnDD$d6c025c23fa9fde83848e8adaefb0cef904abcf3fc6dd3c6e65663b3868c0b43
C137,josh06,sha256$qHOVPG3C$ef776bcf8a1cb874918b833a4823b837fbf9656287580186d4a5eaa07c011af3
C138,dorothywright,sha256$xSGABxrS$9268d2354f29a7fe2f20bf02c57e86f89f649bbe6d78535adb05f0e9e04c2620
C139,qhall,sha256$W6jTFZIP$87111b95449ea9a87a1b628368b0c9a332dbe20cf2e7d4e4de39400abd987b74
C14,lorrainerussell,sha256$p5Ep2OOM$030d7e271f86713cb78abe1a4a9ec5a9019d6edd1f4acc26b15537ce1a58549c
C140,millersarah,sha256$7XID5XFu$040d18230592771f34390118e053235c05dc60d868b5b2033bcba3b2a555b08a
C141,sophie36,sha256$nkN9T73v$94505de62179515c4ea03ebbc2e735dc03d1d25d5aad967a15025c15b31bd450
C142,lydia95,sha256$STARssW9$433ee227c9e742f5ad4bbde9daa97a2b0031e6644a31e7a0e460c0fbf7e95156
C143,haynesdean,sha256$IAgNdSCy$768dc009ce2202ca8aaf45e725dfb77e901267e4673d8756f2a00753db423e27
C144,laurahoward,sha256$gL2i23TY$85211bc3370a0fc08b1bfa7ad97604f9826ac7f5f962d735711e8b9398f74a4a
C145,frank71,sha256$VPZKylCv$58e712050262e7ee97081cc50bb734a07f717a563fe646ad230db9710ce39868
C146,wayneday,sha256$iDhRQ7O2$08be18f06cdcc3af70f655ad06d102c92a69e5439f30bae02e9ba734decbe7bf
C147,williamslucy,sha256$iGchrTO2$5224ce2277f1de021add3f6cd9b7e9003911ae391d23f8be1a21eb04da1f922c
C148,bwebster,sha256$CC9AWucU$a7a334ea0d887cb8c4b346d75ffa8c4a5beea942478711dcce6c4db4d115a182
C149,hannahbarrett,sha256$NWMFULJK$fdec84fc5a46f7d5a9b7f02bf4492165c496b52738a2eea86a4ef7758b1363be
C15,danny46,sha256$mtVexhVZ$83e004e0681c549c7447f49986e73593d5c49e5da59dadcd5afa789b5ef540ec
C150,dereklong,sha256$pdCF8JM7$c6d4aca2fb971a9245085f12804ae4c0436364f9e2e21f306e8f9a75b93aea7d
C151,andrewrahman,sha256$wyUtVgud$cf8524cf8d1a0572b50b2f8d159b48a7e0a4e8c2706bd79a3fb6dd10bb0eb97b
C152,hazelgiles,sha256$Vh59m8BX$d78ea1a1f31de1ab0f871ec334c81a26dc4e0a7abe3e28bc4a0b299d3134640f
C153,amartin,sha256$BET2Oack$df1fea7b8c789cfdb04f082cb96632b62535ce5a9b36d7ed180d5cb8c830e845
C154,bryan58,sha256$q05T2UIn$e4fcaa143290b295f64696b42b41338708444ebcee6c8e94314282727da28350
C155,joanna91,sha256$IGKd0Nhq$9ebd3488ba5c0c7faf72e4e8a7d416eee9763cb8f3b47f90fc5336f9570da5c9
C156,shirley55,sha256$azsROu97$0dc6861a8ef964da219f22bfa8f3e083e927a796828de166f99f6c62216c79cf
C157,qsutton,sha256$wnYt4oAM$be1b2a8a05aa6e096ade3c65dd89d65ed8fd1832a4ee3a9ed41ab2c405e94df7
C158,foxjudith,sha256$HwmDFChi$4e9841c7da2f9b5a987a693bd249242d0aee002ed92aeda180b0aa1a8e80a8c6
C159,barbara86,sha256$Biu0Whkx$821783cb080dd639cfa345c9d2ad32066509fa50c9907d10029c5f18ad9e10e5
C16,zwright,sha256$6ZItab3L$a53736a0a2b718727c26cb8bfff99b156a8060a556b974f357fc2b900fb88d90
C160,andreadavison,sha256$Aqs6FJ6r$073b06437b3b162e00d455e48004e38da90ddc9413ac9bbc46c7424f6e065137
C161,jsingh,sha256$dPx2nRsz$d07e4ae394ef449f8567ace6fd5a9f4b22cee6c4c63c32fdf7683c8e830f0a20
C162,jacksonalbert,sha256$AsAwaee9$5525201544a28ef332b1d2a95e19b6d9433ac155021cc0740f575eaad8acbbb2
C163,swalker,sha256$U5DeTEW2$4d48e5ebd5471b8a09f2377440daa0f85754b179e05fd22c17c342382f1ef050
C164,udavies,sha256$nRF29mbE$15b570b2eba91f0b97005c6e94ffd0f78f4c09af9ac2afdeeb04ae660aea215e
C165,keith10,sha256$Dq3D28l2$7ef41723142b6707194ccff5eac610fc275f19d6770b18423b4a455bf81121ae
C166,brandon77,sha256$z6um3qgf$e878bc34ef20e1393fc5ee1b0cde3ea3cfd69c5d2fa3cfd6e05f0a0c3482f843
C167,cartercarolyn,sha256$tuQDX9fP$5a62200cb06d36ef3511f8f0af65b311f1774e52276de3ec123f1e5d9d8149d2
C168,hamiltonsara,sha256$G8mppNIl$ea1cac2d194993b4aea779e08c1f48004469dfcdfb73663206ffaa216f349d04
C169,martyn01,sha256$05svBLqI$bd72cb8eae06c5b3922770b89ddfcec21fc00b60a88153a32915ecf5cf55e4c9
C17,steven14,sha256$ubnDSLKs$5bb5c6aeb66e077f3b7c35eee98a5691384b7989712c83a6f4e15b766e9e3cf0
C170,kroberts,sha256$KURRXl8i$99f0e0d3351687cbfe9f492c0aae1a5253acb3e12b7abb8e4799ebe7ffb0b303
C171,peter66,sha256$9gBRs2Jo$10ec75551e526452270bb813ff66e3e3b095463ba5c043e490ce7fac47b47fe0
C172,qconway,sha256$WUknsSjS$bb2cae04f943365f6dbd612242fa46704e062be523fac9827ecd06d8c108311d
C173,williamsaimee,sha256$ggq2aghl$b25f96e9a7cd2a60f8d2805576c9e901d0abe216e75ce2af93c05a0bd5578c90
C174,colinhardy,sha256$3nXLXNSI$442538d2dcc3378681b06f08cab661d65a37e7906e626cb90980969fab969cfb
C175,louise64,sha256$RrAhOG91$37dd606efe3e75ab4660fab642f3c47e221c397a298dc1f3bebf49771ff55edd
C176,max35,sha256$dit6IQtg$3bb8cce72e0abebee24717ad5a0c76723cb3be23c4de00220c4fba4e86e1a594
C177,mnorth,sha256$fKxkeN5S$6564ee642acc9562eda223a9b244eccd26aed56be3dd8e0e4baa6be865a4ba7e
C178,dyoung,sha256$UUzU6IxS$b8672362c9d2eb6c9015d3bd2b21f828d4757bbca89b7742e556d0511c8446a3
C179,holmeskaty,sha256$u6mpIFB2$59ab2a67b8dc3223f621674a82b9c569d6d82e722c1da8872a42be271555a8f5
C18,lewisanne,sha256$PtJx0Vhb$e581e5459b5a2eeae6d34fa1f7966b54dc09d45fc2c16d6b206369e23b1388b1
C180,lbrown,sha256$HDvAFh5O$90205cf88555359b371594c2625ca5904f90a89cc1c7e9cb6e773a2aa94a186a
C181,beth70,sha256$QwPCVFe1$55f9fd89cd5e69ee0272243952d1b961dcb212a7e4cf5276986481dbe9acf659
C182,ricky41,sha256$ywOORbUf$06a1af8c99c946b6c87e1e24265f54ab29b6dee523e18086d269b448df22a9d3
C183,denise35,sha256$Cf3Wr7dB$311faa20864597b9588eeab557cf7c989270ca26cce1c857a2c52b39ae30a11a
C184,valerie22,sha256$Z0MzZiKA$e2fb5b178325f7ab3b6bc61f7851a041fe1059782ea6d079b5d2cf5e89001502
C185,scottbruce,sha256$Jk0GxuUV$eb3e8188bee9d00508ee6384367612d62c2e21ae4159dbebb6ef0331192ff77b
C186,sharon87,sha256$EtJBjm2H$23c56956955e72844603fec30a1f685dfe711158a825ea7462177fcd4c005eb5
C187,fredericksmith,sha256$iXDsqI7n$a52ddae39728f4ab5c5c205bb448b5aa441947e4e67f711ec9a6e466a0327e23
C188,david97,sha256$vHr3yTvl$266c4fb1b02890a1979fd882d5463eec27f263f9fc3006e68f3a53ffd4ca8cfa
C189,hazelwaters,sha256$Pc8pNMFC$86d18d55a5461f5d49bed45b2c8fb8bbdac83b0edede92ffcac2e3e6f9b9a755
C19,alan70,sha256$Zrc1Afly$d10a68701c58ebd874e91028d2f9816c8a65c425d3d732205bbac4ab91499182
C190,jessica67,sha256$HEqQP6Z2$777446f6369cd17471055faabfc7f5b0514ecbf7b6435c124bbcad0cdaedbef2
C191,rsmith,sha256$v3oTRNwy$dc433d855435419ecec3841f1b102c23df539e8fc1c110c35ca772aaa3833c46
C192,morankimberley,sha256$nDZA0vV1$18b26720752e6462296ab501f7655d161a0b003d3ba0ea9be5b3a19b06b080b7
C193,eileencook,sha256$RYjPhQEh$a7a20a47f67d5817742833513a291a9f2d0973f021c095224cb6b4441e17c404
C194,dali,sha256$suMSmyVZ$2d73678aa4abcffb8f9642c700de6938084edc8106b190ce2b6a6cb026058c6c
C195,joanneakhtar,sha256$vqx8auIn$e4f2904b9fdeaf3d4493f340147fd5cae85fb9303648c07b6767f1007771c62e
C196,gareth35,sha256$3WFwWbNU$6fe6a9663461549627dc33fd5a3d3f7c2f214dca05038a27cde4b85bdc5057b7
C197,osykes,sha256$5S2umVfh$4405e7a21cc6be57519c097ea74b3199ac843dc2f8b6c330d8bc4a46c37f5ccd
C198,brooksalbert,sha256$2tVVUPww$1038d522511738eeeb247087de8b16bb894e00b6f9760271acbafda42efe6b7f
C199,lynda43,sha256$YmobvVdM$483d820df5bcd04f759a6d87db6d65f9f5bc91cf2baecaa86059fd4994c5466b
C2,warreniain,sha256$7bIDRXbV$4bc59720a746bd00079eb5e426aeac33a2143bf898084b94b994d8c900ce09d8
C20,ihudson,sha256$sslh7uy8$80ad3a132d87caba67138b69248736bfb474cef8cb50f00bcc39dfcec7a5fb64
C200,kimsutton,sha256$Y7ADNq8j$39d2fe4db8284505cd6d440db22acff59c4914478a70c0621885ed7104c128e6
C201,soumyadeepsp,sha256$052exunJ$c9d3b20baa94976822e7601a27513610ab7f95027275ebc7de10ed1a750d121e
C202,arun,sha256$SymiDwbW$2edb55616982356909ae9141f6af9bde490cec11eced48d5ba768add4e2f2feb
C203,rakshit23,sha256$3MHtTN4E$1904a0e66a1e870b09e2660bc0af22f60c70e8f61ff204fbf758a1f8d72ffb60
C204,,sha256$Y2Trr4cy$4f644021c6ae6ef886a7d4b2c477f1fe21d5881ab6afd07b9262a522ff7f3bcd
C205,pst,sha256$X1qgcEYA$473f31356d316d351aa6b1e5058388759277bb50696496eb23ac4c6c07da0db0
C206,casmit,sha256$GVa6Xqmn$19e5f87671e7dec942acd5cdbb0597831a520516d722f378315d4257f4ec2d2b
C207,caneesha,sha256$goPMGJcp$9fd48fc4641c905ba8b8e8178145fbc4a64e801aec1e31334527dbe60027a427
C208,henry100,sha256$jgebYwG0$fa3e6b21e323ceab4544d97168b8c65dba68769300b425c1c6023a667eb61c08
C21,liam09,sha256$FFrsyYby$dbf43121ca0bc8e50eabc4a8d8b88e46416db570f9a4cf1fbd9439951a0a0ae9
C22,myersalex,sha256$u8oyDQ3x$d09459830af65f25465e778d27fdc772a1f8796ad86744e0cd2e2d53ea4c31f0
C23,gowens,sha256$WVGWa6n6$75c2886c600a4fcb0a4f29a8e2ca18c422312a7b85cc238e0ff188483eb5d56c
C24,begumsally,sha256$bhQxDVC4$c03f4da197d6bcac22d2909820f0d9b46f97790a1f9ccd3f336419714ac465fc
C25,joelbibi,sha256$pVFdXTwS$634c675b12232c66bfca57c9a34a8c2af301cb1db6ee83de05dd21dada020ac4
C26,odonnelljoe,sha256$HzqsM8bH$989e09b829bc20cf0016588b9796197896cba377789165e8f56805af1ca4d071
C27,harrisonsean,sha256$Scqst5Qs$44b00b1961fbe4d3cefde0876e080796ff9e168ec739f61bb066aa4b8ed2c79f
C28,graemewarren,sha256$Aijlodc5$41fba0fe80ab6a1890b4ea94616f081d41a89f756e17bff4010c76c493c26fe6
C29,jessicagallagher,sha256$vh2Iud1y$4205fd39d085e262178ddf219df2d67bb97cc3de39d87dca012effc0a90e1472
C3,carolinewebster,sha256$F7plYnXE$cab13b21ecfabc9027f04b151d876cb113cb65331448c97113ec3d8677466f19
C30,evansnathan,sha256$w8W38YyI$bcdbe812e309b30014eaccc572e120892ae9342ef6aeeda76b10b2baec03a1e1
C31,dylan82,sha256$2If1fqTd$0d0528eac1582ca3cdc158b8a6dbd2ac12278ec45164376788df2c80ca87ab1d
C32,alison91,sha256$RYATksAH$2f3b3412794d10ab5cc7f9f1d70a0e805099bc30a79c92d250655898d4d0609f
C33,jeremy26,sha256$foQnSBzZ$2a1b152fead346954cff37725a6ca0ddea3e1e7c43a3ab2010b450f5e4e1eeda
C34,hannah62,sha256$OQ9X4UOG$7bc7b5c02637e567708e582b08ea307f7533b88744fdbd5863fe639661e55f2a
C35,carolerogers,sha256$7tCpk9RV$6821b23c04297971c73b0fb583f2b9726acb089a15cf62b9d71e43cdc34a6d51
C36,thompsonleah,sha256$h4otg92P$30e720f048b4b8ec06a99e8cfe53e53571351d0e2488d375369c678775125459
C37,vjohnson,sha256$D4WGBZ3M$1666044db8bcf69e6749d105ff0bb05a9f414b0cba8253e584045fc6ea91665a
C38,declanwyatt,sha256$jAZdkBxi$42cb8bbfc3becb69b58d6592bfaba7a6bf3b22c8a322d012f2e02f8c0c91001d
C39,howarthtracy,sha256$7fU6FUN6$2872d1167f4dec8fe1a965d343926917d2d62e871640d032c984fba494d99d8b
C4,smithtracey,sha256$3CajNC62$d6fe4ffb33fef6f6a5594f84ec727e67e751b211fc1c7593fcafef5446c8a9d6
C40,vparsons,sha256$ShlRDQko$3aafee152050790837d3f2fa3bb65594c0892a67fe64fda7b0aef459f390c7a0
C41,rogersjoan,sha256$I4pkRDzJ$ed83f9d6b387288071096212a84e10f25ec0c3fcb1d954007a0648d439564ad4
C42,sdavis,sha256$QNtbhLpe$0704e597786363d9f9a5755bc72a5bc2ec92c115c9081f1ff9e024343a5b2b02
C43,scottmaria,sha256$aM2vxGNw$b24183a60ab09553f043a309737efff054795f94a3c22494fd80aeb6753b5b40
C44,johnsonstuart,sha256$IEQCzUj0$7260d0783cfb253266d2a393c26fed36444c4fa8bbf8a6fc51a48154933f7e75
C45,ksmith,sha256$xRHQcgGt$1349820bb30c7cfcbd67cf2dc6f9709e0f69a83b8b7f423422ae6b582a9e409c
C46,nixondennis,sha256$LKOrKaao$256b0a73989369e0e6347095cc2632e338a155c1e0880641efe124a4860da2ce
C47,nsullivan,sha256$bJCfApVt$f11723dea04ce19e8c3e4b3f6cbe99f8d9aa8b24bf98befe244338b5bcc83955
C48,ishah,sha256$GOxpD7CW$9e65e26d74c44f5f87ca964af2c301aa545b82e7d714e8f402cae3d2d6ad23fb
C49,lukeball,sha256$oflVl9Sz$1610641a67781bcd5341e12436a25eff0b0ab701a3190a87cd78423bd8e43bd8
C5,harveygrace,sha256$BnjwTdGY$31b0c50cbc363a258ebfe51c763ad83c61861b95ce9ec06dc3a667dd58ef9bcb
C50,huntbrian,sha256$OoAkeHxz$a63bab6c421f9e9d248c972f03c600b97900a5d11dbac9a3bc27eb30085611f4
C51,arnoldjemma,sha256$6TlKH1sB$a2e42933a64e45d12165c3b6a476a9c105ef69700c0272f392e7473b569ad3de
C52,marcusmoore,sha256$XIyQY9Tk$209a9b1980469524d913e9f4672850a4a9b9d03f13bde3d858fe460dc8ab69c7
C53,mark79,sha256$5bvYYmnF$61335accc7415a72bc3dfe2a371711261281ac7dfa16b609170cdc2be129040a
C54,campbellgerard,sha256$gy4UugAq$8118323c456a5d1351369a934d2f759c4f8130fd10e13a1be3a762180fd2a0d0
C55,damien31,sha256$vXFXq79A$cf74c55f375dcfc7f3e1582960222e078d14d8dc194cf38fb838b39832e78eb3
C56,dean62,sha256$zzTV2i7Q$e06781af52a875dad2bd64c8310d5a63ca65e24da30abb3d40b34bcfb7fb4727
C57,ablack,sha256$Og6I8nEm$4109cc3016f4e76b79ce5f7f9688e3441d3fc0dd521f3356d83c5427247f8c46
C58,ruthwong,sha256$kkRAoqk1$58ec6a9284d69542024e6f7f7ff7c0021eec4909f4909e0b464260df0e923d30
C59,hsmith,sha256$8y9QnxAo$3e83fa9bab0db44f00396f3d96a1276c006e2b8074a462f7ab2c9a317ee59782
C6,scott86,sha256$h31oNEis$25c6a1140815aac9f81cce5aa0ee4b1c52c9589e7152dba147a1e614da83e295
C60,cliffordwebb,sha256$ipKncv3k$bfe7151a4ea4c8e6c1c0e8dd33d3ba89dfdcd1d226674c800a03e8fea0482974
C61,shirleywoods,sha256$Fuoas7Sp$c367b28fd06d71604bd64e06dbfb6f1de24ea0f7df73b47f8b109c00441a7974
C62,owen65,sha256$OX3iiZTE$63305b0a897ecee6159c394a456d16f5a9bf4f0a86725890acbbda8a1ec341b3
C63,readbruce,sha256$1nVcxhGK$b98fad4a7999e1cb0abd20bfc720e20baf7982a3923f8e2e66e2e34def319e21
C64,xwhite,sha256$r2has7SS$9ffefe8c232b21d2cf75155323ccd940472a8ed5691f69b753f77e1ee9f0671b
C65,skinnerjeffrey,sha256$XFmrg8oe$cb5c7ffcb1be68dfc4febf0eae67b96d3f5d99c453b2e18e1952dd3763b3c7a7
C66,okelly,sha256$JAF7uisD$b395967ae8fbd37266dba1e083cace100c3bb4191c874245a45ba7a523c461bf
C67,carole53,sha256$SIJ8rRAK$ae8738fcf95896b707d8cef905925bcbdf294b5bc1595f1cdbe73b97b8227a45
C68,fellis,sha256$ZrA64u0j$4ad5b95f11611d2c01b6916472cbeb90138bcac7718b6f596d4dc5e4d334e57c
C69,evanskaren,sha256$xXV5UmRb$4d6fb6c1a81d6681926a9b73de9cef887550a1de48fbfe6ec886ba77bd4f4a6d
C7,walkergraeme,sha256$jjTnZ8Mq$d76aaec483ce9e6c38ada44a97839c5f8420a0f7fd85fdd154ad23b80731598b
C70,bellgregory,sha256$mcVJECD2$df0b7dbd1deb4d935e83be52bbe49d1d2d6fb9417bcbbc158e27dfc74357769a
C71,malcolmmorris,sha256$JwoCukDT$342c8a35f36c4995cf5aaf06897d8138c8c0da0d7b5ca608ef58e930ad05bffe
C72,huntbeth,sha256$ee6ArYQR$7fa2bbdb3aafbf7b489bd7e08d8f487462d5f1324aba35c7c8c34112810ab9f3
C73,joshyates,sha256$TaB2LQFp$966fafef14e722d154ebaf6d96f6e8fc0cead13dd484516e49aedae098595f65
C74,garry69,sha256$A0gMvcsw$4603d62248c84b40dc4a812e3a5068c4680973dfd52d588050a27cbff9b56caf
C75,iwatkins,sha256$JuuEQCEZ$27f020ff3c437785bae33020dad48cddd97adbbef45ccb6e8896bc3322fb2f0a
C76,abigail05,sha256$lGIlg1UZ$9cf29f8b32eba10d9d7a11b6ee16f8ba330f01bf4a1f70a1b762d6c41fa26281
C77,richardsonowen,sha256$f0Nh0uqn$f9075841c64b6549026a3e3d1ebd65b103a9ce415a21ae5b3c5bf27036252401
C78,rogersgavin,sha256$JwpTvN5M$5720e26de8c00be2354c39c1a2947d8bd9149e2a395137c49473df5e9bab76dc
C79,joelchapman,sha256$JhCjxhx0$6ebd8d67509aa1f0efc14d9b166c22cf15566de87a1b09088ba5c68586024752
C8,lbailey,sha256$M2Rl4DIb$1eae6cafcd0cdcdc08418ddca4d27dc1325b4c792643ff22c4b075978574db95
C80,anneprice,sha256$xbaDFBf5$b652381fe40e0ef32f0748b2f3ff2ca96d552d4d6331f57fb0f9e7ecfd47c552
C81,dennisclements,sha256$ZdfzWJ8Z$31a25022818f40095fc1b1116f8e23b1ca30df9656fd8fc973d2e832de976b8d
C82,smithrosemary,sha256$7ZjvgfWz$258b13b44f4cc84e3ed397a11a03c2745c5f9a5b254e6616f1f150d043367759
C83,rileyricky,sha256$DWY6Oi4S$e57b314a866c2f95aaa130c2b95b359079e5b43d6dcffc8e8383e3c9bed027a2
C84,brownpaige,sha256$09mseaJc$0c36266c61612f7879904438ec7888cf6ee0a0d9cdd1249f3191bee356add5e8
C85,morrisleah,sha256$iaLVhP0J$768d71f784136fcaed9996f63b75f069030f11320e170fb94ae4d8e80d48f296
C86,ugardner,sha256$qM4gdXE0$5169aa779c810e488b1ec94d04e6d901b770c1be4e49ffc646509bd0e1568a83
C87,jsmith,sha256$STrFzBZL$3217f791a083f48fc6f7c676d01ee8532aded0eb581bba6554c67f58b784e03e
C88,idavies,sha256$uYdPE8QB$02878bfebc28743a9bac72eead30909ef4adb59fb1dc9c5f84255e500868b889
C89,dennis12,sha256$yC0yaMLB$6d3ff4da465d5dd63c26f0bd190e0ecf65fbed723fa10308599df244199ce722
C9,hfuller,sha256$HMxaaF6f$1d7deef74b4b4fed7f4a18cb859a5106f45e2c7e1928b64eb4a9f065f7b953bd
C90,raymondmoore,sha256$EIkArlY3$5f29797920435a2a43f650c4e611d08736f5987f18bc67ba367d07ed5d996611
C91,louis82,sha256$JCPjBtCK$aef94f41f7ae64217e3939b65f8c64146492b350e58d8d21d2ebf4576fadf31b
C92,dominicharris,sha256$B2plTdGp$1adf6f585cf6bfad8248ea14a8edc1ea92c7aaf65863c3c7e61f4e8a56e49729
C93,roger03,sha256$PdxUXx40$1aa63724fece50d6104e2bfd1e76cbc76c007e132aace73b149bdba6dcb4c143
C94,keith79,sha256$oWsQPVtN$7b3db74e336402a4f3b1a35b3d935d12e0bd283e25983d363e79b8ecbbba2391
C95,khunt,sha256$TraVSMDc$be952ea442c000114ebb2ae85cc622f1e8604e2f48749c886e0dc3a800bae7b7
C96,joshuabaker,sha256$f9rGQNei$81fefe0809c23d7733bd7d494889a2c69819255f2b98fccc401469c1717e4f7c
C97,shane25,sha256$Ca8OQjfU$4b036d4b1744aa5bdc23cc78e0fbfa11e72636a0f993a8a7456cff4bae6831f5
C98,gibsonjune,sha256$EKSsx4WK$a56b638e53374574acf858cd00ff3c7ccc28d3aafc7402b41e75ac19c2f47a44
C99,smithjane,sha256$hjMeznbP$1e3a1ff37d4a0297db2636cc87d9e7e2951a5a4c2fdd4bd2cc4ebb5e9408bfea
G1,eleanorcross,sha256$SJHYz4pa$a66d91f168e74e2351a465a7b30e36deb3ff0d0ca22ec9bcb66a90ccf88f0b4b
G10,bruceliam,sha256$yFYSm7TO$bb8ca2b2eb4ac6fe39b4441767858df41959a410c9a2649273c1719be6ddaca0
G100,fionalawson,sha256$mOEX3k3s$1e9aa28403a624c5c34637cd3467881aeb7b0c082191a3f0d4372ec062fe339a
G101,cwhite,sha256$DtNZgGZM$f78cc6be6b7b0b26f6852ae6beaf6d4b74b7f4f0344088e5c1f9f3770173ada6
G102,reecemarshall,sha256$RZkhnKfd$7e20ed3e2508bb8e9b37c14be86e1ee53ea4d2c22b79fcd104388aceab042ef2
G103,tbentley,sha256$8Z0mXkCG$c3b70f7ece8d67e0426a13ac16b3265334d93ea7ebf5bcd00c9134470d799dba
G104,brian45,sha256$TtdVVGy2$c2843a8e2e8a9e781d8e2ebb9274591bfb4dc5f9ac3e5483d17aee21af9ab034
G105,lindabates,sha256$ewb8zOTP$da350afbe3a6bd06704ca6987c72e79a0344e1c70061e2227b6bd60fed3e7daf
G106,dawnshah,sha256$yVzG7Q4z$3964c13e02bdaef2e82bce0a2d13b8b9063766f00ffa96203767a1e4c2171f02
G107,nporter,sha256$PN5zy2aw$d94c1be8903988bea1b2fbf82d3cc4ec6f99c0c40ab343ac2788e560aef603c2
G108,mbond,sha256$JuLFFZem$d2cb42a2c50ea3633af32fb53d3cc324c318b65cdb03a7948c01c40ca894daed
G109,hydeabdul,sha256$Tyylblhn$06ec5c3884d897f001cde51f9a7f52cee437799fff9bdbdbac1310841c37ca90
G11,armstrongtimothy,sha256$BAyhkob3$27ca7afde39eca6a344859ecc3c9950903e980172f8b28c8fb0677bd01247888
G110,julian87,sha256$8OTQ154r$eb760a16d54d11f6fb63d9165c23c1add14d16252d550f08bb42c1835b57b100
G111,henrysingh,sha256$mutJIRC6$79dba8f8569917f722fd1dae89adef9c7d0cfcdc82afcff00067b67f7166598d
G112,zgordon,sha256$xeGtmYmA$05d4c2cb7ab006c7eeca75cff31b8794564d8ff40306538b9071a9e1c58a833a
G113,victoria92,sha256$zCqIcdMo$9af8ad266d4f6e556c9de9a2a5b0db7b9934fb070efc36137db9364964b1271a
G114,jedwards,sha256$tYn955zP$5a825196df719daeaedad60936a6dab7cacbdd3ebb8398582ae3d8bf4b6633bb
G115,mitchellshaun,sha256$R0yzIA3Q$85b01de14a6eee716799cf22d4a9062e1901b74ec803a0d8282e9149dd285d8a
G116,beverley30,sha256$Buvm06Vr$c51c5b3d0b70b47ba5d592be69974a165c07719a5dab23d373cb2d54684e074a
G117,walkergarry,sha256$jIgde0fZ$c70d997ae49fcc090294ea5145146c6482a60a850880c82be55eb8900c62ae93
G118,martynkhan,sha256$xHt3ITAZ$34f2d79cee8caee7eca18b5fb2403d57385b3c396b3d144cd1b291979a157165
G119,melissa74,sha256$qcWWc8Du$b2b5da7f6f00a8d1448ca0f28a2be0a28083e2aef8c0524bb52f81973feb1acb
G12,kmills,sha256$nllR4Sn7$6fcb47be2cad4cee0c3e6d4d8feaac707922888191011c305d50bfc28428d3c2
G120,sara95,sha256$Gquy9Kx6$f8fa0bffd2863a1c65a8277819bb693a677290147e6f57793cf7ea8b6efcdaa2
G121,whitegordon,sha256$Dgd33IYo$826c7f1ad89464b4dd3b3b5f2eb4eba0d5e4cbf28f36fa67372bdedcad988b7b
G122,neilbowen,sha256$s2dUkRxs$a70b327d8be8d82241cffd8d6b1b7ba2422dabce5f5a029f59602d3a296a9777
G123,nicholaswood,sha256$GrXDykkK$2023684da84dab529d2d29e83a30d9c32e5ad1009a5d44d2da17af00b963cb2e
G124,gregorymitchell,sha256$SQyQMFwi$e5a6dc78b8cf01ee8e3aa8d4893921a536672692108faf9ba81396d0319b5fa7
G125,mccarthyelliott,sha256$N25B6Kww$3a3dff88c35d47f00c0ee3199a6b0a963dcb45ce5c993ee656c86daad8d2e6d4
G126,aimee54,sha256$v5wKqJaC$5478a2447e8aad2475ea793c19000d4844503b78a4329572e482e0d3e5421d55
G127,scottdean,sha256$HDhArxgl$508d6793e0cedfbab8608fd3bee5c18d0ac3b11a826130b42399f52160cb88ed
G128,vpeacock,sha256$W5kAPAKl$0fa11e477e78c80444592270e414dcb0c1e73bd696dc753603e0843327312c0a
G129,edwardsclare,sha256$oyP3COJn$2ed0401e4262e4c0ecb21f1927710037366f7cadf51cde694b49c6ca4fced54a
G13,glen85,sha256$2bTISd8l$75c507513ac099fa1a3ed35fa9092fe567543c2335bf47038c882cfc0beeb26e
G130,rhys91,sha256$wEuYZClq$e431f7150b58fe501b8b2f57fb08466d0a74c027595d9206dfd127afd12a03d8
G131,phillipsluke,sha256$Vit2bkeR$ee8e9a2fea8102bead8a69192c367e88a3e36cf627db91193479084df4d5c049
G132,elaine27,sha256$7uRKv0Av$8a35b2eb0f2a13cbd2f844a0a5920fccb82bbfa8bd7379feaf7496b22b509456
G133,pamelabrown,sha256$sDHVKNGE$3594e75d873fcc89d6a5e0f5f1c1d643fca371c1287dbf54f23dd7ec1f3005eb
G134,qpickering,sha256$cp4N0xgU$a92e9de93b201bb0a888d65b641431556a02e0b21b31ceda101b11224e86d5ae
G135,patrick51,sha256$5UwFuFiF$5a0a9aa09ee5d5a6725c7fc74089216b0f2cc209ec23bcce294b594fbf912fc0
G136,davisonkathleen,sha256$X4DevgNC$522aa15a0711538313aa18ce3133ba4dbd767e96f3c4b010e00f2e11ae765a6e
G137,daviessian,sha256$z5p7Go4G$aec56842cb21837b65e09200a7dff221bdebe112eaeda32b84dce7f9496e637a
G138,louise13,sha256$uqjNPCdW$47e2d931a1ad2a78cdbcd285d7ca05463b35e54e355952d760de3e5e4ad5810f
G139,gilesmohammed,sha256$ERX601Ka$bddda2ab059c6548065e167cac73362be31a355c47df5c4dc61d90a8969296e9
G14,amy23,sha256$zHcGuY2S$6d179c3aacdb15ba76d9f1807ac38b19bad57bc4ecef215a66c96b47c7264879
G140,hayesjeffrey,sha256$e5KE96WK$86a7bb6ef2377dd8c19ed3a18f72e4a2fd83baac8c63bc22e27c3c12a9ce433d
G141,alice48,sha256$YwDscz23$e73873f49d1d4dccbef725f06b121cea2d0fb0231b5d2d65e5945e31d6518d67
G142,johnsonbeverley,sha256$lWFwzp7z$9a56637f36bbd0ec33aaf07379351329b7cc1aed0540584388729329274aaf20
G143,jonesleanne,sha256$HW9RrMA8$6625dcd74d7fee74740bbaf0897453587605fcbf3ec6c35d628112e76dcab6e0
G144,omoore,sha256$U9XYV8WF$c74e94dceab136630a434b90ea0c3153425fd145856d14065cfe4410aecab286
G145,kbailey,sha256$yu8qlbvi$644d84c13f4347a2c0b736e9e13780424d3ca894eb1f75992c14981000e97ea5
G146,omartin,sha256$8KOESLCQ$4a52f6097e442c438efb2db482ffabbe6fcb895eed5ef752c3e430b4b81cd9be
G147,brenda48,sha256$XQ9ZtGpS$1e9f65a9cf54112b26a533bdfa48428bea9466fe632a3fac87db734379fcf693
G148,lauren45,sha256$SflDWetL$1af6d4d949232dbb70a5cac4c7bfc041fdf5449cc7404bf98b6a18bbb7fbee43
G149,terence30,sha256$8HucRRyl$7c5be92d2fba86e2ddbc16e028b6b097a082931b5e466fe41adede2ee9602752
G15,stanley03,sha256$4xrc4YrS$83b01642834289e1d78e1f329094dfd777d7faa8c39a42441ab363c6987f9b0d
G150,vbegum,sha256$hQS97kHP$d8de7e2e92f2f5e784bc2cf458ad344c8f17026383f2f73386b8192e48298bfe
G151,nicole52,sha256$rglEQO1i$41f1b01e277e0ad9101ec590f72ea9a707e592863d4c0cec7f451bdcbd7d9ce3
G152,sylvianorton,sha256$E6UcdS23$7a5cc92557cfe4e3735f46bc996c1b5a1ff023102b69ba8a90b9d2c8fff98992
G153,josephturner,sha256$Gu5eDKMS$cdec21c39c480e220d30ed1a71d826a1ef23b28744c96135778c7c0444a960ad
G154,slewis,sha256$VyWNs1jQ$fa6cd31be4e3525ac6c686f443289e10c45e225b3ca1f80d922f213dfa3593ce
G155,elizabethcameron,sha256$fiAyxhj1$e2bdc9118d93fabae05dc5ca8d4b365a15aab03d8444af3ac450260596ef7aa3
G156,eric97,sha256$kokxAvmF$9b5b37aa981ce43acb9c9968a9f0ea14d98d51d62c6a9f1eaee8254a93667722
G157,keith74,sha256$bEyrAch5$0df9bd429452c4a7f31f00ff099558c7e8b72735260aae9f8676ed0ef480124f
G158,burkedamien,sha256$jNusEnZS$d3e96d79a749284cf0880ca8c0486b22783cb1f1b9bfb19b1d27f10ed272893b
G159,toby36,sha256$FQxZHSPs$8c0a26399c4a4a774da4d1272fd629c56e21d209e22f2c960b15c17682cca157
G16,fnewton,sha256$iTyLw1VC$3bf78ea3fd4385d6fdde2a4194a1906608eb103c4940cab74784043af21024eb
G160,marie25,sha256$2IZoQZbw$8843015cf51437d8ca91ca8b0af0ade0b38fcdc9d28ade82f9c40e89fff345a9
G161,barkerjayne,sha256$zAKKiGKl$c8d1e4e3453437061ef26eeb2b552bcd7af5d4c31ba65fc392bd988f6a571bd9
G162,sheppardconnor,sha256$6REt6rC1$b614b9befb6c863bff54da063f5503965873f3e8824f7709510adf5a31981221
G163,franceslucas,sha256$V6wvPaq1$8f534cf6348fac816622150cbd54a6262f9d73ccda576b3f1ed452fbb98e80ab
G164,brandoncarter,sha256$rVzj6gQ7$f77f005ee0b6fef0ae42c166a4666c19afb2e586688ab240dc03203aa9ef5306
G165,howejudith,sha256$hCPxJCUV$da5583b7b226c1f6b720cd0cabb395c90da5c1601b9cd1d198cd6c005f558f6b
G166,kirstywhite,sha256$jADYvYXZ$69a88593f541a6e48e1b6a92d0a50d768796c275e98e9333080b175acff02f60
G167,pjohnson,sha256$xM8HxdX4$a23188e1bda27e00a07c9886a8a2c60de2761793c84fe78b7bbabe6aa895e807
G168,alicemarsh,sha256$zd0QZxyv$db3a2850a1f905d909e0fd57e75d096b6454494d146260c7c8ec250195293b68
G169,bethwest,sha256$CQDeMFAc$a17cae6dc06f3f8ed74f34602d0e4391c773a30cb14ad0490d9fb2a217f5e917
G17,colemaneleanor,sha256$bWa5Lj69$1f8dab0e418f1b3f3a69c3218ea9d7e3864a01d4ce8e6515e4955856c2fd5a4f
G170,jeremybell,sha256$YukE3UKt$59f76d022124d35dcd068b8e8ee35d65ffcd821473b5913619bf86d625d30c6d
G171,max50,sha256$lIEpqAhH$477360ed7732e2c459d1f8508cbbbef5c466a4e2591e4029a7644ff82fbaa1c8
G172,davieslouise,sha256$F5HKzveX$04913c918883b71c10154adaf9f848183e559a07ff0b31efaa81fd87cd856f20
G173,drobson,sha256$rNEnVMTs$ffe8ccc5b3b07c72288d7c0119cd87d88c18468d669f9888310c4c83b1af94f6
G174,frankellis,sha256$QDtrFYnC$16ce606ae4f79282b609a83b9e1af93a246e59aaff1ddd3be5f369b15e0cfc4c
G175,froberts,sha256$lUkKmK2d$accfafc8841e5e8d41a3055770a6c8662af46ce3a98bf2c36488a08f749227fb
G176,ellie32,sha256$PjrSJntU$d88eddd4ac591ca5d0ddd0662218094b9683b0e6c67e9d5afb31f503063d448a
G177,christophergarner,sha256$ADedx3nB$9e0036964f8fd84b391d872d19a0ff99578ac9945d74045164f1fa488e006862
G178,dixonnathan,sha256$99L6RT83$1ed452c9bd3ed09ad7d34dd7db92d71f53bea4e55aa905361712013d377c098b
G179,leonardlong,sha256$ITVJyEdh$fdd5d77788b7499c18e825b7e890db278bfff0a86cdc77e4a981a58be2af79e3
G18,hannah67,sha256$8xFI7vFO$1eab078ccb8248962766adad95fe1e67a872f552b7cd295611410573d90f14d5
G180,fhowe,sha256$n1szzmRZ$b8aca599e915201bbf077e88ca14d1dc2160e6f54c8854937b2bf9ad35f526ad
G181,claire86,sha256$Fj7eEaqr$866f6a84eecbe13bf958518053401372f153130308301734901a78f1b312b3ab
G182,jodiehunter,sha256$PXnbmum5$98dcffc2bb7571fc5051303b70bb6421496d0cfce93f18000f7d131a48ff1a03
G183,rthomas,sha256$vWcV6kHA$cc85bbc61d0667318c63805bb343256e39e00f39c90f7e38184c1d68454eddb3
G184,jake40,sha256$3vnaNPdS$80a7792e878c5bf2d31d93f0fe6e8cdaec968493d2d57c84a3eb6037d5a44bbb
G185,fsaunders,sha256$QSVNndnt$943cd535c2bee44bf98a2bcf657910108ddeb45704c265c6ececf99e82924e53
G186,henryjayne,sha256$uMWm9b25$c7502a810df09aee9d3e6ce93c44b594e7ea1c1acb4e18dc538f572b0ecbf427
G187,baileychelsea,sha256$b0iQZLHY$b51c70dc41253796a0354498312330a2949acf629336d02508741b5bdb576de9
G188,frances87,sha256$OMpk9kG7$44a008644f1a896e6c933437db3e58dc12f5ecc4744c33a2e2d0cf34c5f43b9a
G189,gwilliams,sha256$km5Aq6CL$65f44b18a177342eee1f57b5ad59eb66744c924f1ba486b57b3cfeb305d72112
G19,ahmedleonard,sha256$PdIcBwao$5da9b9ca53686c4ec3d1146cae3a0f6dc59da9effa883f5eced8e350677e8aa0
G190,pgordon,sha256$QOMu5yaA$86845a9d8f9d832f98f39a0cedca80d8682183eab1b1385f3222b169946b78d3
G191,hmarsden,sha256$gHQ8Bdb8$c58b771b82415a2f366cc3900341173b2de1cf6de522bc1f32b4b7aedeb0a5e0
G192,alan23,sha256$GArfU23K$3fceca486f799039896a3c74b0166d024eaffa948241db8664768891832aaf08
G193,berrylesley,sha256$BnRGDMEA$558eb2bfbec8361b8f0bef5487ec39ee4cf8a03d6fde7ce957ed22b14d9cea61
G194,robinsonsophie,sha256$IBY2u2po$0a5ec3c293bc2ccd6ec7357ecbcd4c10ab016f04f20e3c53a14ec9e46e784e17
G195,sally85,sha256$ml3kiytT$aa630480a21ade6eccfc34160e3b9fc8a0326df39c43eb1b0c23b0ae31f42d27
G196,mgibson,sha256$72MYHtPc$bdca101d5e653dc671aa887e3bd95deb9b903b6a54dddc16be8d728a508dabc8
G197,iholmes,sha256$FQJKl74j$5c35872d2ad1211f92cf7c65dd62543101b4317be33662b8c3b0432c99c731d8
G198,matthewsiain,sha256$EcXuUwtv$2afd4f44d8cb6050e65220e9a5ad40d42add21b8116f51b91b93aac0507a4b74
G199,humphriesmarie,sha256$GlP18MC4$b947fdc81cf4c2475c518428cdb8a9ee5180e07e5d63c9bb659141d797a683cb
G2,kimwarren,sha256$rgKpSZzi$20243b574c2f48783149afd58981cfc63a3002aaf8dd62a97de91415f23b5716
G20,reesdale,sha256$IvvZ4P82$c08459cd32eff12918e43a2f8e47eeb062c201738567c8ff3fce92c5e285e266
G200,gatishay,sha256$baibetuF$725a60d227a42def4189b80c787dfd3c911ea3f4b3c783a9c202a023fb1be0b3
G201,garu,sha256$yjtwIL4b$3a1ec79f35fd5f5cb5fef9a079960e05575f60028148cf9da30124eb33ccf748
G202,pipinstall,sha256$SsEHnST7$e173b46fa9424bf7a1fdaa1bae31dbad4b45acddde0c153604cf99bf2a046ffc
G204,gasmit,sha256$Z3qGExqh$f7516cddbc9b4a3e0df81bbe144a3eb04b6c28849d2294b36d3989066cf45eb7
G21,dylan03,sha256$ZWSWA5pu$5b220294d2b4f363124bc439d3bc28c86f915289a2c2a5e2d4f56367494a3f3f
G211,ganesh,sha256$tqJFiKDp$39a643cd204b50e0487496e6dbba390e079ef35124cf7db2d7993c7e581c9958
G212,chris12,sha256$F8UTnl6K$7abeb94fc81d80625659862acf14c2b619396e0fb7ce1312a67f7e14a27d2847
G22,charlespower,sha256$6XIZs2HD$91c8424e76fc9048f9a20412a0b3cddaa3056b2f83277695d3626e11575b3cb0
G23,dominic66,sha256$LWYBuqxC$a9692c78be5dd7e70439f461aae161781036a9b80349cddb88aaaf5a96b0b120
G24,melanie06,sha256$6xOOejrB$96912938f3b7dfaadb9c538f1e569744136a727d0fcc7070777a0110232de499
G25,fcooper,sha256$BWUtEVR7$dc6f52a984e14d2936dc0b75abd41d0de777aac9863613b0eb7621844868998a
G26,heather72,sha256$5lzGGHRj$093527f971e689484cc2dec0fbbbbeab2cd1936bc8cb75effa8536a26679e865
G27,gwalker,sha256$BMM3iuh8$f3119ee3206e749be5b66d79d9554103074e2e92da9a54a36f5cca7b3b3add72
G28,goddardbrenda,sha256$mE7l8AZw$c097f72ec72cee979883e2323260406165aebd8ea616744a42ce470ec1b13abc
G29,ntaylor,sha256$A3RMbniZ$edcc722418e52cc004ef4fcac82f1ef7ee601f48b91d053bcf56c2819daa24a1
G3,emma87,sha256$o8GwDlno$fd383ab782206edabc7d92cb17ec1293caae2662aa18d426884877314e2c0319
G30,aimee77,sha256$UA9fImML$8cb42092fcff5f6d92f7ab0abdf2d1c19011a3542dc8fd1afcc9f58adf6b9aad
G31,carole95,sha256$bRPr8Jsn$2ade36f22dde9e92f26ffddf76a58c79805d29480bc72f76ec3b503b34d40fb4
G32,sophie75,sha256$ckTRv4w3$164b2454f413c5c8a44b3764f2192473ec43c4c01801100f992935c7ced1a10c
G33,bsmith,sha256$CL2Ka3hy$a549387b885e5da58b8b8c5cf42ba7a016df0271c83207b21eff64abddd67072
G34,geoffrey11,sha256$IyqDchQ7$b27e2866acd29b0591b6a3ebfc573c44687da5aaa543fd9cc2b7bc3a130c759a
G35,leonard34,sha256$mT5vHwKr$9828c495575950e7adbd06b87076f3c015555aa61d10191d97183572b169221b
G36,josh57,sha256$a9XeWSLm$2af04225be761f02224b4636ee7778454e29ffc31874721278595514ebc427fe
G37,russell76,sha256$UWeoo8sc$06d57c66e33acd96039bf19fa7702480f60eff052db43877df096b61af497901
G38,tmccarthy,sha256$mUO3dEZe$2947458ee1d1f466c8b9d53f31ed6da07e557e1a67b1c8f909b0230b656264f9
G39,angela56,sha256$p6Qxn0nT$8ea9e6169d9f535ca8be2fce1d1a471650fe15f7fc8935e90f6a63669f9bf8b5
G4,chloewatts,sha256$ZG2LR7Gl$307684a668fb75a96b4e38e566049211333bf226603dea6683c720e7b5e16404
G40,gareth82,sha256$wJxskS3X$3f44924e6c24edf07333832d21fb7a09f008a70a5c21c008c8394ea8e8021d42
G41,chloe98,sha256$HPMLvEk9$91c93da91f2d90efeada8cc2b08cbce7c4983e400c359cb755b6cad8f2adf3bd
G42,iainjones,sha256$OTtS1vmd$3d110fa610750f8820fe202f17af75c75ffd169d86226707daeb2a975eb11c87
G43,neil40,sha256$Qd5PBE52$ad05d9b2846024a9c5e0181dfe341c725efa929b9560b3be2dad04d9c06cccb4
G44,joycesmith,sha256$aHF1GRqn$701f123c7f319fd58c5d37f3c087a1bdef6c6a9b5782545bf41ea8d7e7f38101
G45,wilkinsjulian,sha256$e7ghxgYL$09c100238535157d5c41d6dbfef2f427f8a1fec00ff5a8affec93e87b541433c
G46,reademily,sha256$T0BnNJBN$45a6f793e6aa0c054a5189c35a5e1fdce09eb82f74b08e3b764b302d49180c5b
G47,tmay,sha256$1NVb6IPd$8ebeaadced599d6a93008f671bf1bf5115b51297867d4486e9e9d3ef452fd1ce
G48,grahamlucy,sha256$0mr1NQN8$796eb9d8c9056a37748883c1d55143e542dcfdb03e9b6db7c0b5ddc45e28e395
G49,melissa08,sha256$96NFQ9Iq$271fadd9c62633c89e14bf50f388fda3b69b12f87e5aafd0063b7d5021389080
G5,hunthannah,sha256$h6pbp8QE$39ccaae351e2642f04b8cf665f28cf3d8afd24358316506e51095f399f893def
G50,dominichall,sha256$TBvrRTpW$0916909bc0c65236002d345139cca7fc6207a6f8a92bd58739370760ab52e140
G51,cooperpatricia,sha256$WPXqAopm$3b8ba88f3d6b81263da11817b67620cf039ff68ff262352fd419f13fc8ecfb36
G52,neil42,sha256$MxOt8Kyk$6deaaab72f08b96686b219cbcb51523ac70d85f3b39d5a059dad96576457ed98
G53,holtdouglas,sha256$eMOw3g47$3798b42d7883bbcac21f144f1db5fd7d5abac3564d63204e210b513f8234b6df
G54,joancoles,sha256$9FeIQuGk$24fd710e7735bd6ada650586a6fb5ece93b03571bdd710d95c52de6859e1f5e1
G55,anthony70,sha256$f1hlXSkw$d063d584f755942f2376e3b7c979159adfc38cfb19bd27dec5df118cacd48a52
G56,robertsnathan,sha256$AuT7hOrO$1babb11684ed727629f68e88eaa1d3627e5f69c0ffcdeded3f3214423209d50f
G57,joanwilliams,sha256$inIEXgzW$6c8b9fa6f5c9c698cea744964b4fec467a7427fd69682e90d16d96b72357551c
G58,kimreeves,sha256$mpff0u8i$0a9734f5573c66f57f094ce00e2299e1e0897ee8dabdf3d81739efabe985b43f
G59,tlambert,sha256$3NikVD9a$8cc41acd9285e7c6693ad429f22404a66f0c884dc1f0d6ecb4d643cfdcb7e3f1
G6,leonardclarke,sha256$zYJFgVLH$c7ed0e576d2afaaf68978e8eed08294686cd4c941b070b7e352f3ca2084e39cd
G60,kennedymitchell,sha256$78Q535nb$184791843426361bd1f4d45879d7611c3f7bd04b19cefb59f64d40cbc655aefa
G61,staceyiqbal,sha256$9jxISVh3$27fdd9b92f4238edb23a502397e6390c87e926a87e64098d98b0f1d4f93864dc
G62,colesgemma,sha256$GDfW9zWi$d50843a9385eec99f2cb341bfd82acbf4e57c73c21ae40588487464f6098f01b
G63,whart,sha256$KmEPwssr$8fbfa006cf59f7115e3f5843e289a8898a5ef52fd89d745b444868d21de0635b
G64,bethanburns,sha256$3qwiekhF$550fdcb9ca3b27304363c360b9145a4fa77dda0947583c206ad1f827d4138f8c
G65,mbutler,sha256$201AxXbn$684028c5f75a8f61b7b3f4e469d1d4f49cfcabc844833bcc0a5b4b687e8deab0
G66,daykelly,sha256$dYWNZtJW$4f06fe01bdffe018a349d93cd0bd2b961b4c93b88b74c5e1d6224d3aec84c1ff
G67,josephineroberts,sha256$0UgTv3Ep$ea0d628ab86138942e2299b801287dc0353c3ea058fd51949ac247441993cf81
G68,connollyfrancis,sha256$Qo0Jx1JB$a5e9738eaf41149bf1f57a45893ce4cb2bf9d9f4b46c56db00dbfc9930228f86
G69,bernardrichardson,sha256$RHHaN9nq$71a91e840ccf9dc080d36f8e1bae20c005ac3582370684abc50aac455a8084d9
G7,josephinerichardson,sha256$1Cyj3KFU$6931ae971088c435229cbaec3d1b4f2cf2ffdbf3dfef17afde69986fa78a10a8
G70,wendyflynn,sha256$qK1eRrDF$8552f9f51b470d80ef3791d1cc05f7dfa8e0ff1f0c36c5c46a5aaa49d48dc53e
G71,ngregory,sha256$iHuv4LMO$c1b4174325ef8b8dbe565ebcf6b758ab3ae0b4c4bd47f3539c39ba2c9c2c8b9c
G72,vanessa85,sha256$h3WhHwXQ$678d7a967e796397e03d8ed34a394582d5677f2edd3ed69a00f5a2283b5f8233
G73,taylorlinda,sha256$dkj4NHw7$4fdbd80c42e150ce00f8bcc7369fc787b5f58f7bd6820da3da97134980990ebd
G74,iaincoleman,sha256$Vm1neYSW$94574d45311f20ff8a9f1e59ab2308a2bcce1bdb0ab1e6a4aaf8dffdac749776
G75,vgilbert,sha256$xZ9kXGxm$4a16c186adc7ed6744ef2a5f01d626da680c8e71e57b56d1aded40cd1619d5e3
G76,jay57,sha256$0leD6yEG$efb50c6934e830321f2c0e8393782ff8d0403a26232bcbc40d0fdafc15db95c3
G77,steven77,sha256$MJs5Gt2Z$853dd2eb6065e1fe39712c350480d52659a705784169ee0026fc9085f13a4246
G78,stevenkelly,sha256$bkHcKreI$e296673358f10168d4fcf61563ac597ac52b1ac9f295a2ef80aae2e3c256ae26
G79,lewis10,sha256$8VHwzOIS$2d076a1ae349d36e128b2b5c2d6589ad57de49676f73a2ea726eb14fa3cda0d8
G8,lindsey70,sha256$FVdgphby$e3a1888d3fcc2da1ca222457e6485811545a86c030191f7bd3cec27389b38d0f
G80,suzanneball,sha256$xJH3zGWl$f0fef08ce611ec2d4095b255ec2fb4fbbe7e963e88edd727899f024bfb2d0649
G81,mroberts,sha256$WWHS5UMC$0c7bab244dc7491646e24dd34792c4871362ea6077538119b230efcb1be702c5
G82,deborahjenkins,sha256$A2Gn7uLz$cf228e608b9be3f77e43ddadb723fdfa4d20df8ed227f5b4507b51ac1eddafa7
G83,soconnor,sha256$s1jWVzgP$1b7adfe8c4bbd3e356f2002d95f57e9a6c204910d8cfcdf7aa7b4cf0b8eb39fd
G84,abbie50,sha256$Cdaztw7d$c016055378b7081c403fa87799be7c29f28411aca825698f9801e36ab72e7f8e
G85,pritchardjosephine,sha256$Rz4d8CpN$8e706f0eee5453e75762ee51d9b443ddad745b22b234a8455bf2e5d9c72e5623
G86,robertsonjennifer,sha256$NH6lYlCl$a093107d310d2c8c290af3af25cb85ae26cf08dfca8b964cc6ce8befcc68b0a2
G87,richardsongraham,sha256$7IT7Ycbv$fe3604b6a80d0198bcba6e1169503a58cc41817d201122d4a718973a8920b798
G88,raymondcartwright,sha256$DQ635nlz$384274da8406289a3da5494dad0d3330008c2434af9ae70122029f06ead2c094
G89,wilsonrebecca,sha256$CgrZcrhu$cecb238990d23dbbf2a38c7e7179ad0a65b5a5ae0e8085f249f5bb8f942c4104
G9,jenna99,sha256$auvJSt8o$1713c106f9b305a4e4a235c7a473324b9f0b0eb53e6243f47d780d26d835f0a7
G90,elliotcollins,sha256$iUCOGBe3$31bd90a663f19434d4ef416f1edb56699a932f761b97407b69771cc85c1c192e
G91,daviessuzanne,sha256$EAlZQbEe$e12a816696c6a8bbcb62e271b9f1cd10395fb317d059ff0dbb7c7e398fffa6ee
G92,williamskarl,sha256$EaVrbUwW$04bc01473ffd1d7e3158ab3a71d7f9b86d150b2354c8c2067c760292b413fdd6
G93,bradley10,sha256$H8FLRk3a$48075b13da348d0b6f0e319904ac6bf899b2f83cd9a1cdbc08468fc7b07ec342
G94,lorraineoneill,sha256$7XI1xE9Q$a22c6596e4a28d4717e6fe3decefb863242b7bc56c26efb1987a41c23b0ddbec
G95,parkerbrett,sha256$vHfcTpWd$1f18d67e94b64e924f2fd67d22aab95c98ac80ce4e55c0054c95e9a06bffbcf7
G96,dayvalerie,sha256$LdbS4QpB$226f97d679931e08059af89ead1dbd92251fad559fbc82dea67501349d65603c
G97,traceykhan,sha256$8Gk9zflv$834044ca2ba33dc434189102023a427ce18d21d807adca4453c5f850cfe3debe
G98,jadehall,sha256$MjhHRVWG$d2171cd4227a5fc821430c7347ce5d7f59bbcc5e2c0253ed1d3927b15a39bd1c
G99,campbellsheila,sha256$flTTE0KK$112598bacf3b253ee64cd607ee7067bce147fcefcb685f5f5597a65a17e3b72e
N1,alexanderriley,sha256$8XItNBmT$b6f67dae2f561304bf2f28572442046dca616d25a342af75d0f5a03d3a87f47a
N10,jay63,sha256$0zScB5gr$395b4db16991926faaa55c80391741bcb393d8abd564d439eb4b7f515fbb477c
N11,reece52,sha256$xwFPOt3D$109cd88a78c991a7569db00953e66bf9b72076a48ab8044d6e5efd3f65352364
N12,christopher64,sha256$y2ApXYm3$8946cbb027e52aa48444250b9079509bc2fd923c82bbd9843cb7e1523f6c7183
N13,cthornton,sha256$jKxt7KAS$d6a75a1c914788b1271a684d2313a7c120e4e2f8d699e643fea03983902427df
N14,tonyiqbal,sha256$NgCyIIPz$c4f529dac8f71e6c464cc4b4529bd8be663d67f75045088bd5a6060abd56651b
N15,fullerkayleigh,sha256$03BgAmqT$0bc97cc56cd59712b0081cfc811236aadc7dff3fc3d4d7dff9c9f7b3f3d9b572
N16,laurataylor,sha256$Wdd0dFff$6dd511f97086111b1dc8d99df82c14af49af5094e7e9525c03ef6f23d9c6be11
N17,mohammadhutchinson,sha256$6t11mRlu$1e9931d9bb6f187c3fcea12067d4cf6a2199dda8f1e74e951e46d5c75a9239bf
N18,jennajordan,sha256$FwG9eHHY$32a7d432760ea8d207c66a6b2c2f610d2fdcec71ce0fea8e6005bb482a4cec08
N19,stephanie75,sha256$zhyOvqLm$b66af1bde890b0cce1ced8f813b57af2b8ada39a5ed1a2150a4e6d432158389d
N2,ubailey,sha256$yDijybju$e8362d71086407a76b20e6e6dca5163af9b51129956dc87a810151612cb46fae
N20,lawrence78,sha256$04dSOwgs$917840e3d35074c64b397593103aec71ccdd8daec19fe7ff50d69716ccc86a80
N21,gerard47,sha256$fUMZpazj$0302e57c07547d86e84329494f1a7a31012bf22a3bd16966e4e13e036bf3fc42
N22,shannonhill,sha256$WfWJAXnK$b5b487b84f1d2d8fd8a3991e25399acf1e64dd576f5dd63b218179233afc3bab
N23,nashclifford,sha256$hyG5CGF1$a3d0db403e3c30a8daec00dd0f36dcf0587927c10f749b4ad772ed8cefd7e740
N24,ashleigh31,sha256$f7S53uwo$35e42fce32dea548365857581e560f1c57cfa4777de0cdf4984201c8dd3207da
N25,geoffreyhunt,sha256$R1qg6bPv$64b9cc1baab55f0f580c8b6719c628fc1dfa0f6f8f95074d0d5f4b63cbc5c188
N26,kim92,sha256$hoWj3YiJ$d4f0417837b1c9d264cfc335486eb699c265264c7ca87dcc9b13460eb433cd46
N27,brownshane,sha256$oIPTo9Rc$ada1e367cba90675ef82d4a7798b0da52ca849d987cae9557998f4ac97f2dc67
N28,tony60,sha256$cwp2tJuL$8f3cd5659a2c7a915a6c570cc21bf10865f061c3d5410a012521290ffa4a1187
N29,justinbaker,sha256$5b6DLiCb$44ed7fc6a86535889706824178fd5ce5c9d61b0aac139ebdb8896c22461ed675
N3,wilkinsongail,sha256$CmvvJz0b$6038933ce721b1495ce4f4088b76d344c5313d54d8a51621785daa0f328367e1
N30,mohamed68,sha256$5Hu44E3V$321253238c21dbe3d5bd08a1732c8c3596f14246531e5583759c503dcaa44a55
N31,spower,sha256$kt40KP5j$b728734ace72ecd37966a30dfa3aabd91082327d061aa6027bbe4ed4ee8edefe
N32,pamela31,sha256$5LYUrDzh$23d7dda61b2b286233d2ad7cd0fe48c455037b7595eca24fa4cbbc3d1df4182d
N33,carollees,sha256$0inx2MH5$35d5bea035b2243e6cc536c2aa0d279efc700a9122702a3015d50afc11906e27
N34,xlamb,sha256$tsivpwrv$f201fadada69ac97ef14b1065427aeb7731efcbdb71483dbb583fcda2d0d50a8
N35,ariley,sha256$x2bhO6ty$b682a7b2ff6fc44df1f6682c7a85dddda7c09c828f398518f443c1cd18d6410b
N36,waynebrown,sha256$44Fdz59w$a47c3e3cc35bb5748ff8bb5347bf3a3ffbff6de7d6a37c21f214840bfba9ac1f
N37,colin57,sha256$xr8sIm7T$48623cbac7b5ab64080319f34eff5e50bdb41ef1a35063f7784170a60ca37486
N38,pbennett,sha256$JeQpGzVk$08d964926b1107ac39529a85e7150900a5a94a580532a61f24294ee7e9edffeb
N39,frederick75,sha256$pCGZaeIz$a50909c176c390749ce3451ea28602f75de42b5f876bb6a4035642d04d540dd9
N4,russelljeremy,sha256$sS8hdNb9$3567c1bb4a5f974c51f1bbfa3cfacd1b8354999047f9b16a6e99a6fd8badb8a4
N40,adamscarly,sha256$QC0zhEFr$059d4540a9189b57659da7b639b283adcc569be6f5e8121cdd4c169bd03a0e55
N41,ijones,sha256$YZy1ItzR$aeccc5ec0c5f7be54f887cd3154ea233b5023847941e44358e73c54560e38cf8
N42,justin26,sha256$xeDh547e$dba7712843d4448142270dc312055c3eeff374098e4bb5864a9166656f6c106a
N43,cmoss,sha256$TYzsCtXo$e6047c635af24287f39cfda5449782fabe0d6b12095be40e9dadb530b7a3b609
N44,irobertson,sha256$Yxya82Qs$14a7266585e398df9a74d7b079644007b571d030fb1d0dac3b29794d9d731e95
N45,walkerheather,sha256$fjvbZwNr$31ace30318f61193838b83ced6cf441390462908948bd0ec25e40eb74d350383
N46,francesbrowne,sha256$VJaA5IES$b5584359a43d8c5fb63c8876c708c741ba09ff8b8abe356514d8cd3c4232ab7a
N47,rdavies,sha256$0BNPE9uH$e7ae2a12cfd002379d107454ce5fdc571627092ea292a5e4ac42bbbb620b02cc
N48,wongcatherine,sha256$QZOIer5S$f0038b20637f4fb8e1612b84c15e1792e64679ee6cc1f98eb9c649ed22dccfd9
N49,malcolm85,sha256$LCCdVydp$aae987d1312ed455ec71eab60c8d58932c287d87227561b6a5c6f5eba7989996
N5,josephine82,sha256$PWb97g9P$8355c38dcdd7cbaa7cbc09a27034c4bc32c830fac0ee01141c6049503678de58
N50,llowe,sha256$TxEqC2VP$b30658814dccc6d28348351ac9bb3cddc28b647d44685d0cfb5afc02b6f88b56
N51,daniel12,sha256$36TuDukA$ae9da8e1d6a25f534095dd157e24a802ef4b12ec7af856051f288b41640acfc8
N6,lmiller,sha256$sUQrUznX$60520ed1183290e3893eef2e61073eb486143986a15fc74ab70f1cace2dbbcea
N7,shannon99,sha256$tcZCgbDc$038f4912349a524ab4f08deb8b932a41bb6e6c374871f8a738c31126b459e367
N8,dbrennan,sha256$65aMIjMF$cb510d48ea6085d05632909c6b81d0c9f4ef0d81b6a42a613c744466b4034325
N9,jackwillis,sha256$WDjUIHWv$31c05706eef43ba7f43b18fb40d69b354adfaaada6a971f3ad07eb36e7760dc5
R1,alison21,sha256$UcgjSdR7$bbdfb96611273a277a386e2ab6a733593a527e631e6e46746b9c0186949fbf7c
R10,mparkin,sha256$dF7dQmWo$9fa38298c28035dc0420a15f57fd7f7ca0039840ad1d92c0a9411d9601ec085c
R11,smithben,sha256$nZvknyuO$0b2a4695a367bf4c5f376459a2895cbd16819d2525e2cd7e27033c6a6e43388c
R12,amelia74,sha256$8zQRuWxU$24b23db392c41e2de66c7baca855e9ed1ba3aa627e93ccfd16706433cb2235f1
R13,crhodes,sha256$xiq2d3X5$c1b077278aa4894a1c7db8cc49977b5b35a737b28d4472a74eacb6cb7ff617c1
R14,omason,sha256$G3HvHwPQ$a4ed4601d7249fb5870c2807ce43b382436137f4f9581d5f6dd7ec9207e61bfe
R15,catherine42,sha256$wGC1llyJ$fa8061db40df73b60de825e5cfe04a88c9be8586050de5bf2603f26fee8811d6
R16,rachael13,sha256$MM1XrwKt$4aa9078e08fca41e2cda3478fe17bacf1d9af9056fdbc5f4d2f6c18dc6b75700
R17,rosemary02,sha256$OOWeRMNv$4291bbc1540c4de828fa1043ca4055d52bb5569f15da3f9e5780618bd751f456
R18,oevans,sha256$Lr3wM6be$2d911f975997579c748d1420025543782b375704ef30714812e8d7bee17fc5bc
R19,wwilliams,sha256$FehypZix$5c00a23f2b424f3befe19465b8ddc7048911a5ba1d106634ccdd112dbb2353dc
R2,evansgeoffrey,sha256$1a9N3hQc$2a6759733b91757ea83c81e4221e3a7a00d88c9214d83e071e09cef9f445f82c
R20,danny56,sha256$fNfD6qqt$846824ae1d56b7ec27019270d18a1432da1e885e032436ea4df76ceb128586b6
R21,jellis,sha256$s3DSd9ue$d26a2bfab119c44489d2039c0ac5f1537881c474ae751dca15a2c00ec7b821a4
R22,poolesuzanne,sha256$X5dP5bE4$6c1dbff495c2575247dc29f9eaa55288942074cd2262a2f8e3d022eb20921f48
R23,bennettlindsey,sha256$Jp0jc36E$8e0f22d280132c26436bbc44db2e450eb9e2ce6bf12bebbd8ea679fef275dd74
R24,abigailharding,sha256$Z4745mTK$4ed64829a46eca43b56926c79bb62b448ce31dd1b61a2e387bba8861eba90990
R25,wilsonsusan,sha256$kflN2ZB3$f06ab2cd4d78156fa8699ee0ca099499f7078b9f47d495c192952139f2c5457c
R26,charlenehawkins,sha256$6NNedhsd$86d611f8cd560d199bf953bc9e7ff74706ab390d3235db4d0ac87b9addccf8c6
R27,ellietaylor,sha256$boNGaos1$876f6146a1c8bc521916d6c315fdfc4cabe0db7974820946fd3e1431dd223024
R28,morleygeorgina,sha256$6LvezRMA$1cbdf73ab636ac1c36e634c7fef8966a84dd5dc09f359dcbf8b2f82480e78c65
R29,hilary33,sha256$3BLjb6Ge$86495a62b88f52cfa14734bfbdce9476fba472b0578372cc62bf107586c7d825
R3,lyndacraig,sha256$nspZ0HtU$d063b5425511ff1b7aba61ab40392b37de3fee8a1483ac65427ff6146e51c029
R30,cookshirley,sha256$ZGxkR7EK$db623e1d74dbfb3983560b614ae1e25eb82da37f97435694bf5b1eb80e0262a9
R31,shawjoanna,sha256$nvV4oArU$8a9cde185df341dc0609fa0549ce9d659ca79dfb6d2da4f386348697691f0d78
R32,hillchloe,sha256$NQdHAJIs$1918368e728a61b91aed0f7edf89c8e925a698f7ee2b24f0e8208d46e157cc66
R33,henry96,sha256$FIu9IAzC$77a4601d7f92da19a60a9b8baa3075357658e003ca874e0fed82b0e9aad16651
R34,gfreeman,sha256$NeAtwJlU$e1cbd0d1510f64dfdda30d47d888670371247240afa6d5250bbea486f9df51ce
R35,emma49,sha256$0Zt3XGR2$d5b041ca3161bd5928e2f26a14c21c1ba509cec768922036a23e8b23e21ea0ec
R36,abigailjackson,sha256$oMgY4fln$c5e7eea3385b2046a37d84a297c6dc0c9b2327b08323c6163482011aadf0f57c
R37,lawstewart,sha256$nJjtUE0K$8d3f8494187b2345da31f7500d480010dda0ba568ea4ae09950e5202221aea33
R38,sandradavis,sha256$Kqkx7XqE$01e32722e7bd59c83ff75cc6b2d818168a2bc187ad2215316e18b73489eff428
R39,qparkinson,sha256$g8eebjq0$152fba52ecb054ec74b88062fab45e08b019e11b00723192d3259f03dea63727
R4,vincenttownsend,sha256$44QzZcPm$8af289d535443379cdf766d0baa656a74e89246921447b051d31566a4387d4f1
R40,vanessa43,sha256$u7jzngef$4a528b8c526caa77b6e777a53ea1bc484fa91a437cffba3a0ce5bb8ccc5f7e54
R41,lawrencejade,sha256$3ZRPdKt3$d2dd30f7356069058db8b0840219b00fb5eede8bed1808609c9c9a0e8b9d7331
R42,eellis,sha256$h4tZmorG$da39bb497b11997f981eadf0300f31925fa27e5ee086c8773bb4836338360b6e
R43,scarter,sha256$FR67JYZL$a81d2cd5f0d9507f0f3d42a99a166c34c533fea3faf0b77d2188af6ccc338d08
R44,melanie87,sha256$rl22Q6jb$1d48e98b7a007cb03393fe97d868a6e7a2669fd1930b68fd569b0cbe420a73a6
R45,parryvictor,sha256$VXim28ca$2ae708f59c74683d41d197424163c14ea066e01783be4e9183199d6023ae80c2
R46,martin91,sha256$uLV69vo1$3a35ddda707b34c430a69a544aa8d9b9ee53a5bf96159d46cc3a4c3d462545b6
R47,denis44,sha256$PSYsYXLh$2ce4fd187e1734deeaeccb914689d426a46f55fe9acfcdfbad4f3b49681259b5
R48,baldwinlesley,sha256$e5wk0HRp$05f5aceed896e874a84fb1c68f6eeceb0493e8ea38a9c2756421d799c0ec6c81
R49,nicola56,sha256$kwvDZQMF$b9317b3bcf413c6e2592933a956a2d4cd3d6471eb428409120520cf347d6f289
R5,clarkesuzanne,sha256$eyRkweMl$e56bc116da240c30530d026c6dee39869a40bd0e5b89f748fb7ebe180007767d
R50,geraldineharper,sha256$LkGHoC6E$1f979a03c93260712c83e9a1f5c0a1082ddb347927d02ca71908b8c22d55c804
R6,olivia16,sha256$ozXUO8Qy$926a30069f67568d226a985541519caf257a6637fe3d48d9afc4ff36b9b3fb96
R7,darmstrong,sha256$1MmePcRu$1edefdb9d2375a7f9f088c9a1afe312c56b7bd283c98ec5307405881adacb925
R8,lisa87,sha256$wKM6iHmp$0b93153d499bfd7d3057c63a8add20cc6a78ce1957dcad560d2bcb72da4e095c
R9,mohammedkemp,sha256$96iOTDKf$afb452349ebc142091c86e842eebae805e0645c23a0f105bdb413a4a027b2d9e
